Designator,Manufacturer Part Number or Seeed SKU,Qty,Link
C1,CC0805KKX5R8BB106,1,https://statics3.seeedstudio.com/fusion/opl/datasheet/302010178.pdf
C2,CC0805KRX7R9BB104,1,https://statics3.seeedstudio.com/fusion/opl/datasheet/302010165.pdf
"CN1,CN2",F185-1108A1BSYC1,2,https://seeeddoc.github.io/Open_parts_library/res/3460590P1.pdf
J1,USB4125-GF-A,1,https://www.digikey.jp/ja/products/detail/gct/USB4125-GF-A/13547384
J3,S2B-PH-K-S(LF)(SN),1,https://seeeddoc.github.io/Open_parts_library/res/3410070P1.pdf
L1,WLB2012-471T20,1,https://statics3.seeedstudio.com/fusion/opl/datasheet/303030008.pdf
"R1,R2",RC0805FR-075K1L,2,https://statics3.seeedstudio.com/fusion/opl/datasheet/301012180.pdf
U1,MAX98357AEWL+T,1,https://www.digikey.jp/ja/products/detail/maxim-integrated/MAX98357AEWL-T/4271383
